--ajouter personne
INSERT INTO PERSONNE VALUES (1, 'Richard','Tonio', 23613640, 't.rich@www.fp', 'city one', 01615, 'rue desportes',172);
INSERT INTO PERSONNE VALUES (2, 'Dash','pedro', 23613640, 't.rich@www.fp', 'city one', 02093, 'rue desportes',172);
INSERT INTO PERSONNE VALUES (3, 'Romeo','dick', 23613640, 't.rich@www.fp', 'city one', 03563, 'rue desportes',172);
INSERT INTO PERSONNE VALUES (4, 'Sanchez','roberto', 23613640, 't.rich@www.fp', 'city one', 04873, 'rue desportes',172);
INSERT INTO PERSONNE VALUES (5, 'Poutrov','dimitri', 23613640, 't.rich@www.fp', 'city one', 05123, 'rue desportes',172);
INSERT INTO PERSONNE VALUES (6, 'Richard','Rosie', 23613640, 't.rich@www.fp', 'city one', 06723, 'rue desportes',172);
INSERT INTO PERSONNE VALUES (7, 'Richard','Tania', 23613640, 't.rich@www.fp', 'city one', 07234, 'rue desportes',172);
INSERT INTO PERSONNE VALUES (8, 'Dash','Ricardo', 23613640, 't.rich@www.fp', 'city one', 08123, 'rue desportes',172);
INSERT INTO PERSONNE VALUES (9, 'Richard','Antonio', 23613640, 't.rich@www.fp', 'city one', 09873, 'rue desportes',172);
INSERT INTO PERSONNE VALUES (10, 'Richards','Dj', 23613640, 't.rich@www.fp', 'city one', 10123, 'rue desportes',172);
INSERT INTO PERSONNE VALUES (11, 'Richards','Maria', 23613640, 't.rich@www.fp', 'city one', 11123, 'rue desportes',172);
INSERT INTO PERSONNE VALUES (12, 'Richard','Vasquez', 23613640, 't.rich@www.fp', 'city one', 12553, 'rue desportes',172);
INSERT INTO PERSONNE VALUES (13, 'Richards','Henri',  23613640, 't.rich@www.fp', 'city one', 13000, 'rue castor',172);
INSERT INTO PERSONNE VALUES (14, 'Richard','Tonio', 23613640, 't.rich@www.fp', 'city one', 14123, 'rue desportes',172);
INSERT INTO PERSONNE VALUES (15, 'Richard','Tonio', 23613640, 't.rich@www.fp', 'city one', 15123, 'rue desportes',172);
INSERT INTO PERSONNE VALUES (16, 'Richard','Tonio', 23613640, 't.rich@www.fp', 'city one', 16123, 'rue desportes',172);
INSERT INTO PERSONNE VALUES (17, 'Richard','Tonio', 23613640, 't.rich@www.fp', 'city one', 17123, 'rue desportes',172);
INSERT INTO PERSONNE VALUES (18, 'Richard','Tonio', 23613640, 't.rich@www.fp', 'city one', 18123, 'rue desportes',172);
INSERT INTO PERSONNE VALUES (19, 'Richard','Tonio', 23613640, 't.rich@www.fp', 'city one', 19123, 'rue desportes',172);
INSERT INTO PERSONNE VALUES (20, 'Richard','Tonio', 23613640, 't.rich@www.fp', 'city one', 20123, 'rue desportes',172);
INSERT INTO PERSONNE VALUES (21, 'Richard','Tonio', 23613640, 't.rich@www.fp', 'city one', 21123, 'rue desportes',172);
INSERT INTO PERSONNE VALUES (22, 'Richard','Tonio', 23613640, 't.rich@www.fp', 'city one', 22123, 'rue desportes',172);
INSERT INTO PERSONNE VALUES (23, 'Richard','Tonio', 23613640, 't.rich@www.fp', 'city one', 23123, 'rue desportes',172);
INSERT INTO PERSONNE VALUES (24, 'Richard','Tonio', 23613640, 't.rich@www.fp', 'city one', 24123, 'rue desportes',172);
INSERT INTO PERSONNE VALUES (25, 'Richard','Tonio', 23613640, 't.rich@www.fp', 'city one', 25123, 'rue desportes',172);
INSERT INTO PERSONNE VALUES (26, 'Richard','Tonio', 23613640, 't.rich@www.fp', 'city one', 26123, 'rue desportes',172);
INSERT INTO PERSONNE VALUES (27, 'Richard','Tonio', 23613640, 't.rich@www.fp', 'city one', 27093, 'rue desportes',172);
INSERT INTO PERSONNE VALUES (28, 'Richard','Tonio', 23613640, 't.rich@www.fp', 'city one', 28543, 'rue desportes',172);
INSERT INTO PERSONNE VALUES (29, 'Richard','Tonio', 23613640, 't.rich@www.fp', 'city one', 29683, 'rue desportes',172);
INSERT INTO PERSONNE VALUES (30, 'Richard','Tonio', 23613640, 't.rich@www.fp', 'city one', 30123, 'rue desportes',172);
INSERT INTO PERSONNE VALUES (31, 'danny','Assombrance', 23613640, 't.rich@www.fp', 'city one', 30123, 'rue desportes',172);
INSERT INTO PERSONNE VALUES (32, 'Zipper','Conway', 23613640, 't.rich@www.fp', 'city one', 30123, 'rue desportes',172);
INSERT INTO PERSONNE VALUES (33, 'Carl','Keane', 23613640, 't.rich@www.fp', 'city one', 30123, 'rue desportes',172);
INSERT INTO PERSONNE VALUES (34, 'Rick','Lebrun', 23613640, 't.rich@www.fp', 'city one', 30123, 'rue desportes',172);
INSERT INTO PERSONNE VALUES (35, 'Jake','Smith', 23613640, 't.rich@www.fp', 'city one', 30123, 'rue desportes',172);
INSERT INTO PERSONNE VALUES (36, 'Zemini','Boeuf', 23613640, 't.rich@www.fp', 'city one', 30123, 'rue desportes',172);
INSERT INTO PERSONNE VALUES (37, 'Luc','Lagarde', 23613640, 't.rich@www.fp', 'city one', 30123, 'rue desportes',172);
INSERT INTO PERSONNE VALUES (38, 'Pote','Lemans', 23613640, 't.rich@www.fp', 'city one', 30123, 'rue desportes',172);
INSERT INTO PERSONNE VALUES (39, 'Director','Fury', 23613640, 't.rich@www.fp', 'city one', 30123, 'rue desportes',172);
INSERT INTO PERSONNE VALUES (40, 'Stilinski','Styles', 23613640, 't.rich@www.fp', 'city one', 30123, 'rue desportes',172);

--ajouter pizzeria
INSERT INTO PIZZERIA VALUES (1,18, 'DOS SANTOS', 'Chabeuil',36100, 'rue coulumiers', 187,0);
INSERT INTO PIZZERIA VALUES (2,15, 'Mamichou', 'Chabeuil',56100, 'rue coulumiers', 117,0);
INSERT INTO PIZZERIA VALUES (3,16, 'Pizzaplus', 'Chabeuil',66100, 'rue coulumiers', 27,0);
INSERT INTO PIZZERIA VALUES (4,25, 'Chenielli ', 'Chabeuil',46100, 'rue coulumiers', 17,0);
INSERT INTO PIZZERIA VALUES (5,5, 'Bazooka', 'Chabeuil',26100, 'rue coulumiers', 10,0);


--ajouter client 
--Pizzeria3
INSERT INTO CLIENT VALUES (1,3,17);
INSERT INTO CLIENT VALUES (2,3,10);
INSERT INTO CLIENT VALUES (3,3,20);
INSERT INTO CLIENT VALUES (4,3,8);
INSERT INTO CLIENT VALUES (5,3,21);
INSERT INTO CLIENT VALUES (6,3,15);
INSERT INTO CLIENT VALUES (7,3,18);
INSERT INTO CLIENT VALUES (8,3,7);
INSERT INTO CLIENT VALUES (9,3,9);
INSERT INTO CLIENT VALUES (10,3,11);
INSERT INTO CLIENT VALUES (11,3,23);
INSERT INTO CLIENT VALUES (12,3,14);
INSERT INTO CLIENT VALUES (13,3,22);
INSERT INTO CLIENT VALUES (14,3,2);
INSERT INTO CLIENT VALUES (15,3,3);
INSERT INTO CLIENT VALUES (16,3,27);
INSERT INTO CLIENT VALUES (17,3,13);
INSERT INTO CLIENT VALUES (18,3,19);
INSERT INTO CLIENT VALUES (19,3,29);
INSERT INTO CLIENT VALUES (20,3,6);
--Pizzeria5
INSERT INTO CLIENT VALUES (21,5,17);
INSERT INTO CLIENT VALUES (22,5,10);
INSERT INTO CLIENT VALUES (23,5,20);
INSERT INTO CLIENT VALUES (24,5,8);
INSERT INTO CLIENT VALUES (25,5,21);
INSERT INTO CLIENT VALUES (26,5,15);
INSERT INTO CLIENT VALUES (27,5,18);
INSERT INTO CLIENT VALUES (28,5,7);
INSERT INTO CLIENT VALUES (29,5,9);
INSERT INTO CLIENT VALUES (30,5,11);
INSERT INTO CLIENT VALUES (31,5,23);
INSERT INTO CLIENT VALUES (32,5,14);
INSERT INTO CLIENT VALUES (33,5,22);
INSERT INTO CLIENT VALUES (34,5,2);
INSERT INTO CLIENT VALUES (35,5,3);
INSERT INTO CLIENT VALUES (36,5,27);
INSERT INTO CLIENT VALUES (37,5,13);
INSERT INTO CLIENT VALUES (38,5,19);
INSERT INTO CLIENT VALUES (39,5,29);
INSERT INTO CLIENT VALUES (40,5,6);
--Pizzeria1
INSERT INTO CLIENT VALUES (41,1,17);
INSERT INTO CLIENT VALUES (42,1,10);
INSERT INTO CLIENT VALUES (43,1,20);
INSERT INTO CLIENT VALUES (44,1,8);
INSERT INTO CLIENT VALUES (45,1,21);
INSERT INTO CLIENT VALUES (46,1,15);
INSERT INTO CLIENT VALUES (47,1,18);
INSERT INTO CLIENT VALUES (48,1,7);
INSERT INTO CLIENT VALUES (49,1,9);
INSERT INTO CLIENT VALUES (50,1,11);
INSERT INTO CLIENT VALUES (51,1,23);
INSERT INTO CLIENT VALUES (52,1,14);
INSERT INTO CLIENT VALUES (53,1,22);
INSERT INTO CLIENT VALUES (54,1,2);
INSERT INTO CLIENT VALUES (55,1,3);
INSERT INTO CLIENT VALUES (56,1,27);
INSERT INTO CLIENT VALUES (57,1,13);
INSERT INTO CLIENT VALUES (58,1,19);
INSERT INTO CLIENT VALUES (59,1,29);
INSERT INTO CLIENT VALUES (60,1,6);


--PERMIS
INSERT INTO PERMIS VALUES ('AM');
INSERT INTO PERMIS VALUES ('A1');
INSERT INTO PERMIS VALUES ('B');
INSERT INTO PERMIS VALUES ('C');
INSERT INTO PERMIS VALUES ('D');

--VEHICULELIVRAISON 
INSERT INTO VEHICULELIVRAISON VALUES ('RB4563',3,'A1',0);
INSERT INTO VEHICULELIVRAISON VALUES ('Z27503',3,'B',0);
INSERT INTO VEHICULELIVRAISON VALUES ('UV4369',5,'C',0);
INSERT INTO VEHICULELIVRAISON VALUES ('AT7410',5,'D',0);
INSERT INTO VEHICULELIVRAISON VALUES ('BZ4520',1,'AM',0);
INSERT INTO VEHICULELIVRAISON VALUES ('YX0874',1,'A1',0);
INSERT INTO VEHICULELIVRAISON VALUES ('BULDOG',3,'A1',0);
INSERT INTO VEHICULELIVRAISON VALUES ('KA76O9',5,'B',0);


--LIVREUR
INSERT INTO LIVREUR VALUES (456,5,31, '01-01-1990',0);
INSERT INTO LIVREUR VALUES (236,5,32, '02-11-1990',0);
INSERT INTO LIVREUR VALUES (936,5,38, '02-11-1992',0);

INSERT INTO LIVREUR VALUES (076,3,35, '01-08-1990',0);
INSERT INTO LIVREUR VALUES (888,3,34, '21-05-1990',0);
INSERT INTO LIVREUR VALUES (788,3,37, '07-12-1980',0);

INSERT INTO LIVREUR VALUES (989,1,33, '21-05-1990',0);
INSERT INTO LIVREUR VALUES (307,1,36, '15-07-1989',0);
INSERT INTO LIVREUR VALUES (597,1,39, '21-05-1996',0);

--LIVRAISON

INSERT INTO LIVRAISON VALUES (1, 'RB4563', 5, 456);
INSERT INTO LIVRAISON VALUES (2, 'Z27503', 5, 236);
INSERT INTO LIVRAISON VALUES (3, 'UV4369', 3, 076);
INSERT INTO LIVRAISON VALUES (4, 'AT7410', 3, 888);
INSERT INTO LIVRAISON VALUES (5, 'BULDOG', 1, 307);
INSERT INTO LIVRAISON VALUES (6, 'KA76O9', 1, 597);

--POSSESSIONPERMIS
INSERT INTO POSSESSIONPERMIS VALUES ('A1',5,456);
INSERT INTO POSSESSIONPERMIS VALUES ('B',5,236);
INSERT INTO POSSESSIONPERMIS VALUES ('A1',3,076);
INSERT INTO POSSESSIONPERMIS VALUES ('B',3,888);
INSERT INTO POSSESSIONPERMIS VALUES ('A1',1,307);
INSERT INTO POSSESSIONPERMIS VALUES ('B',1,597);

--VARIETEPIZZA
INSERT INTO VARIETEPIZZA VALUES ('Margarita',2, 11.5);
INSERT INTO VARIETEPIZZA VALUES ('Reine',1, 8);
INSERT INTO VARIETEPIZZA VALUES ('Orientale',2, 12.5);
INSERT INTO VARIETEPIZZA VALUES ('Exotique',3, 20.5);
INSERT INTO VARIETEPIZZA VALUES ('Chef',3, 15);
INSERT INTO VARIETEPIZZA VALUES ('Fromage',2, 10);

--PIZZAPRODUITE
INSERT INTO PIZZAPRODUITE VALUES (3,'Margarita');
INSERT INTO PIZZAPRODUITE VALUES (3,'Fromage');
INSERT INTO PIZZAPRODUITE VALUES (3,'Chef');
INSERT INTO PIZZAPRODUITE VALUES (3,'Orientale');
INSERT INTO PIZZAPRODUITE VALUES (3,'Reine');
INSERT INTO PIZZAPRODUITE VALUES (3,'Exotique');

INSERT INTO PIZZAPRODUITE VALUES (5,'Orientale');
INSERT INTO PIZZAPRODUITE VALUES (5,'Reine');
INSERT INTO PIZZAPRODUITE VALUES (5,'Margarita');
INSERT INTO PIZZAPRODUITE VALUES (5,'Chef');

INSERT INTO PIZZAPRODUITE VALUES (1,'Chef');
INSERT INTO PIZZAPRODUITE VALUES (1,'Fromage');
INSERT INTO PIZZAPRODUITE VALUES (1,'Exotique');

--COMMANDE

INSERT INTO COMMANDE VALUES (23,1,3,1,CURRENT_TIMESTAMP, TO_TIMESTAMP('2016-12-08 10:29:00','YYYY-MM-DD HH24:MI:SS' ),TO_TIMESTAMP('2016-12-08 11:29:00','YYYY-MM-DD HH24:MI:SS' ), 1, 23 );
INSERT INTO COMMANDE VALUES (30,1,3,2,CURRENT_TIMESTAMP, TO_TIMESTAMP('2016-12-07 16:29:00','YYYY-MM-DD HH24:MI:SS' ),TO_TIMESTAMP('2016-12-07 17:29:00','YYYY-MM-DD HH24:MI:SS' ), 1, 15 );
INSERT INTO COMMANDE VALUES (45,34,5,3,CURRENT_TIMESTAMP,TO_TIMESTAMP('2016-12-05 10:29:00','YYYY-MM-DD HH24:MI:SS' ),TO_TIMESTAMP('2016-12-05 11:29:00','YYYY-MM-DD HH24:MI:SS' ), 1, 30 );
INSERT INTO COMMANDE VALUES (99,55,1,4,CURRENT_TIMESTAMP, TO_TIMESTAMP('2016-12-06 21:19:00','YYYY-MM-DD HH24:MI:SS' ),TO_TIMESTAMP('2016-12-06 22:19:00','YYYY-MM-DD HH24:MI:SS' ), 1, 125 );

--INGREDIENTOPTIONNELS
INSERT INTO INGREDIENTOPTIONNELS VALUES ('Tomate',1);
INSERT INTO INGREDIENTOPTIONNELS VALUES ('Oignons',1);
INSERT INTO INGREDIENTOPTIONNELS VALUES ('Olives',1);
INSERT INTO INGREDIENTOPTIONNELS VALUES ('Anchois',1);


--PIZZA
INSERT INTO PIZZA VALUES (3,23,'Margarita',2,11.5);
INSERT INTO PIZZA VALUES (3,30,'Chef',1,15);
INSERT INTO PIZZA VALUES (5,45,'Fromage',3,10);
INSERT INTO PIZZA VALUES (1,99,'Orientale',10,12.5);

--OPTIONNELPIZZA
INSERT INTO OPTIONNELPIZZA VALUES(3,'Tomate',23);
INSERT INTO OPTIONNELPIZZA VALUES(3,'Oignons',30);
INSERT INTO OPTIONNELPIZZA VALUES(5,'Olives',45);
INSERT INTO OPTIONNELPIZZA VALUES(1,'Anchois',99);


--Commit
commit;